Console,Title,Condition,Current Price
Nintendo 3DS,7th Dragon III Code VFD Launch Edition,new,
Nintendo 3DS,Animal Crossing: New Leaf,cib,
Nintendo 3DS,Bravely Default,cib,
Nintendo 3DS,Bravely Second: End Layer,new,
Nintendo 3DS,Code Name: S.T.E.A.M.,new,
Nintendo 3DS,Code of Princess,cib,
Nintendo 3DS,Conception II,cib,
Nintendo 3DS,Dragon Quest VIII: Journey of the Cursed King,cib,
Nintendo 3DS,Ever Oasis,cib,
Nintendo 3DS,Fantasy Life,cib,
Nintendo 3DS,Fire Emblem Awakening,cib,
Nintendo 3DS,Fire Emblem Fates: Birthright,cib,
Nintendo 3DS,Fire Emblem Fates: Conquest,cib,
Nintendo 3DS,Kirby: Triple Deluxe,cib,
Nintendo 3DS,New Super Mario Bros. 2,cib,
Nintendo 3DS,Pokemon Alpha Saphire,cib,
Nintendo 3DS,Pokemon Moon,cib,
Nintendo 3DS,Pokemon X,cib,
Nintendo 3DS,Project X Zone Limited Edition,cib,
Nintendo 3DS,Project X Zone 2,cib,
Nintendo 3DS,Radiant Historia: Perfect Chronolgy Launch Edition,new,
Nintendo 3DS,Rodea The Sky Soldier,new,
Nintendo 3DS,Shin Megami Tensei IV Limited Edition,cib,
Nintendo 3DS,Shin Megami Tensei: Devil Summoner Soul Hackers,cib,
Nintendo 3DS,Stella Glow,new,
Nintendo 3DS,Stella Glow,cib,
Nintendo 3DS,The Alliance Alive Launch Edition,new,
Nintendo 3DS,Xenoblade Chronicles 3D,cib,
Nintendo DS,Advance Wars: Days or Ruin,cib,
Nintendo DS,Chrono Trigger,cib,
Nintendo DS,Pokemon Diamond Version,cib,
Nintendo DS,Pokemon Ranger: Shadows of Almia,cib,
Nintendo DS,The Legend of Zelda: Phantom Hourglass,cib,
Nintendo Switch,Axiom Verge: Multiverse Edition,cib,
Nintendo Switch,Disgaea 5 Complete,cib,
Nintendo Switch,Fire Emblem: Three Houses,cib,
Nintendo Switch,Gal Metal - World Tour Edition,cib,
Nintendo Switch,Has-Been Heroes,cib,
Nintendo Switch,L.A. Noire,cib,
Nintendo Switch,Langrisser I & II,cib,
Nintendo Switch,Mario Kart 8 Deluxe,cib,
Nintendo Switch,Mario Tennis Aces,cib,
Nintendo Switch,Ni No Kuni: Wrath of the White Witch,cib,
Nintendo Switch,Nights of Azure 2: Bride of the New Moon,cib,
Nintendo Switch,Octopath Traveler,cib,
Nintendo Switch,Robotics;Notes Double Pack,new,
Nintendo Switch,Rune Factory 4 Special,cib,
Nintendo Switch,Steins;Gate Elite Collectors Edition,cib,
Nintendo Switch,Super Smash Bros. Ultimate,cib,
Nintendo Switch,The Legend of Heroes: Trails of Cold Steel III,new,
Nintendo Switch,The Legend of Zelda: Breath of the Wild,cib,
Nintendo Switch,Xenoblade Chronicles 2,new,
Nintendo Switch,Xenoblade Chronicles: Definitive Edition,cib,
Nintendo Switch,Ys VIII: Lacrimosa of Dana,cib,
Playstation 4,13 Sentinels: Aegis Rim Artwork Bundle,new,
Playstation 4,Assassin's Creed IV: Black Flag,cib,
Playstation 4,Azure Lane Crosswave,cib,
Playstation 4,Dark Rose Valkyrie,new,
Playstation 4,Dead or Alive 6 Steelbook Edition,cib,
Playstation 4,Death End Request,cib,
Playstation 4,Disgaea 5 : alliance of Vengeance Launch Edition,cib,
Playstation 4,Dragon Age Inquisition,cib,
Playstation 4,Dragon Quest XI: Echoes of an Elusive Age,cib,
Playstation 4,Dragon's Crown Pro Battlehardened Edition,new,
Playstation 4,Exist: Archive,cib,
Playstation 4,Final Fantasy X/X-2 HD Remaster,cib,
Playstation 4,Finay Fantasy XV,new,
Playstation 4,God of War,new,
Playstation 4,God of War III Remaster,new,
Playstation 4,Horizon Zero Dawn: Complete Edition,cib,
Playstation 4,Nier: Automata,cib,
Playstation 4,Odin Sphere Leifthrasir,cib,
Playstation 4,Omega Quintet,new,
Playstation 4,Persona 5,cib,
Playstation 4,Ratchet & Clank,cib,
Playstation 4,Sakura Wars,cib,
Playstation 4,Shining Resonance Refrain: Draconic Launch edition,new,
Playstation 4,Star Ocean Integrity and Faithlessness,cib,
Playstation 4,Star Wars Battlefront: Deluxe Edition,cib,
Playstation 4,Summon Night 6 Lost Borders,cib,
Playstation 4,Uncharted 4: A Theif's End,cib,
Playstation 4,Utawarerumono Mask of Deception,new,
Playstation 4,Utawarerumono Zan,new,
Playstation 4,Yakuza: Like a Dragon Day Ichi Edition,new,
Playstation 4,Ys: Memories of Celceta Timeless Adventurer Edition,new,
Xbox 360,Record of Agarest War,cib,
Xbox 360,Agarest War Zero limited Edition,cib,
Xbox 360,Enchanted Arms,cib,
Xbox 360,Blue Dragon,cib,
Xbox 360,Eternal Sonata,cib,
Xbox 360,The Last Remnant,cib,
Xbox 360,Spectral Force 3,cib,
Xbox 360,Magna Carta 2,cib,
Xbox 360,Infinite Undiscovery,cib,
Xbox 360,Tales of Vesperia,cib,
Xbox 360,Star Ocean: The Last Hope,cib,
Xbox 360,Lost Odyssey,cib,
Xbox 360,The Elder Scrolls V: Syrim,cib,
Xbox 360,Metal Gear Solid HD Collection,cib,
Xbox 360,Dragon Age Origins Ultimate Collection,cib,
